Country,Region,Residence,Ethnicity,SocDem,Version,Ref-ID,Year1,Year2,TypeLT,Sex,Age,AgeInt,m(x),q(x),l(x),d(x),L(x),T(x),e(x),e(x)Orig
MEX,0,0,0,0,1,225.1,1983,1985,1,1,0,1,0.0553,0.05298,100000,5298,95809,6602375,66.02,66.12
MEX,0,0,0,0,1,225.1,1983,1985,1,1,1,1,0.00501,0.00499,94702,473,94466,6506566,68.71,68.8
MEX,0,0,0,0,1,225.1,1983,1985,1,1,2,1,0.00247,0.00246,94229,232,94113,6412101,68.05,68.15
MEX,0,0,0,0,1,225.1,1983,1985,1,1,3,1,0.00161,0.00161,93997,151,93922,6317988,67.21,67.27
MEX,0,0,0,0,1,225.1,1983,1985,1,1,4,1,0.00118,0.00118,93846,111,93790,6224066,66.32,66.38
MEX,0,0,0,0,1,225.1,1983,1985,1,1,5,1,0.00096,0.00096,93735,90,93690,6130276,65.4,65.46
MEX,0,0,0,0,1,225.1,1983,1985,1,1,6,1,0.00082,0.00082,93645,77,93606,6036586,64.46,64.52
MEX,0,0,0,0,1,225.1,1983,1985,1,1,7,1,0.00074,0.00074,93568,69,93534,5942979,63.52,63.57
MEX,0,0,0,0,1,225.1,1983,1985,1,1,8,1,7.00E-04,7.00E-04,93499,65,93466,5849446,62.56,62.62
MEX,0,0,0,0,1,225.1,1983,1985,1,1,9,1,0.00066,0.00066,93434,62,93403,5755979,61.6,61.66
MEX,0,0,0,0,1,225.1,1983,1985,1,1,10,1,0.00065,0.00065,93372,61,93342,5662576,60.65,60.7
MEX,0,0,0,0,1,225.1,1983,1985,1,1,11,1,0.00069,0.00069,93311,64,93279,5569235,59.68,59.74
MEX,0,0,0,0,1,225.1,1983,1985,1,1,12,1,0.00072,0.00072,93247,67,93214,5475956,58.73,58.78
MEX,0,0,0,0,1,225.1,1983,1985,1,1,13,1,0.00079,0.00079,93180,74,93143,5382742,57.77,57.83
MEX,0,0,0,0,1,225.1,1983,1985,1,1,14,1,0.00091,0.00091,93106,85,93064,5289599,56.81,56.87
MEX,0,0,0,0,1,225.1,1983,1985,1,1,15,1,0.00105,0.00105,93021,98,92972,5196536,55.86,55.92
MEX,0,0,0,0,1,225.1,1983,1985,1,1,16,1,0.00123,0.00123,92923,114,92866,5103564,54.92,54.98
MEX,0,0,0,0,1,225.1,1983,1985,1,1,17,1,0.00144,0.00144,92809,134,92742,5010698,53.99,54.05
MEX,0,0,0,0,1,225.1,1983,1985,1,1,18,1,0.00166,0.00166,92675,154,92598,4917956,53.07,53.13
MEX,0,0,0,0,1,225.1,1983,1985,1,1,19,1,0.00191,0.00191,92521,177,92432,4825358,52.15,52.21
MEX,0,0,0,0,1,225.1,1983,1985,1,1,20,1,0.00217,0.00217,92344,200,92244,4732925,51.25,51.31
MEX,0,0,0,0,1,225.1,1983,1985,1,1,21,1,0.00242,0.00242,92144,223,92032,4640681,50.36,50.42
MEX,0,0,0,0,1,225.1,1983,1985,1,1,22,1,0.00267,0.00267,91921,245,91798,4548649,49.48,49.55
MEX,0,0,0,0,1,225.1,1983,1985,1,1,23,1,0.00289,0.00289,91676,265,91544,4456850,48.62,48.68
MEX,0,0,0,0,1,225.1,1983,1985,1,1,24,1,0.0031,0.0031,91411,283,91270,4365307,47.75,47.82
MEX,0,0,0,0,1,225.1,1983,1985,1,1,25,1,0.0033,0.00329,91128,300,90978,4274037,46.9,46.96
MEX,0,0,0,0,1,225.1,1983,1985,1,1,26,1,0.00346,0.00346,90828,314,90671,4183059,46.05,46.12
MEX,0,0,0,0,1,225.1,1983,1985,1,1,27,1,0.00363,0.00362,90514,328,90350,4092388,45.21,45.27
MEX,0,0,0,0,1,225.1,1983,1985,1,1,28,1,0.00375,0.00375,90186,338,90017,4002038,44.38,44.44
MEX,0,0,0,0,1,225.1,1983,1985,1,1,29,1,0.00387,0.00386,89848,347,89674,3912021,43.54,43.6
MEX,0,0,0,0,1,225.1,1983,1985,1,1,30,1,0.00397,0.00397,89501,355,89324,3822347,42.71,42.77
MEX,0,0,0,0,1,225.1,1983,1985,1,1,31,1,0.00407,0.00406,89146,362,88965,3733023,41.88,41.94
MEX,0,0,0,0,1,225.1,1983,1985,1,1,32,1,0.00416,0.00416,88784,369,88600,3644058,41.04,41.11
MEX,0,0,0,0,1,225.1,1983,1985,1,1,33,1,0.00425,0.00424,88415,375,88228,3555459,40.21,40.28
MEX,0,0,0,0,1,225.1,1983,1985,1,1,34,1,0.00435,0.00434,88040,382,87849,3467231,39.38,39.45
MEX,0,0,0,0,1,225.1,1983,1985,1,1,35,1,0.00444,0.00443,87658,388,87464,3379382,38.55,38.62
MEX,0,0,0,0,1,225.1,1983,1985,1,1,36,1,0.00455,0.00454,87270,396,87072,3291918,37.72,37.78
MEX,0,0,0,0,1,225.1,1983,1985,1,1,37,1,0.00467,0.00466,86874,405,86672,3204846,36.89,36.95
MEX,0,0,0,0,1,225.1,1983,1985,1,1,38,1,0.00481,0.0048,86469,415,86262,3118175,36.06,36.13
MEX,0,0,0,0,1,225.1,1983,1985,1,1,39,1,0.00497,0.00496,86054,427,85840,3031913,35.23,35.3
MEX,0,0,0,0,1,225.1,1983,1985,1,1,40,1,0.00515,0.00514,85627,440,85407,2946073,34.41,34.47
MEX,0,0,0,0,1,225.1,1983,1985,1,1,41,1,0.00536,0.00534,85187,455,84960,2860666,33.58,33.65
MEX,0,0,0,0,1,225.1,1983,1985,1,1,42,1,0.00559,0.00557,84732,472,84496,2775706,32.76,32.82
MEX,0,0,0,0,1,225.1,1983,1985,1,1,43,1,0.00584,0.00583,84260,491,84014,2691210,31.94,32.01
MEX,0,0,0,0,1,225.1,1983,1985,1,1,44,1,0.00614,0.00612,83769,513,83512,2607196,31.12,31.19
MEX,0,0,0,0,1,225.1,1983,1985,1,1,45,1,0.00647,0.00645,83256,537,82988,2523683,30.31,30.38
MEX,0,0,0,0,1,225.1,1983,1985,1,1,46,1,0.00683,0.00681,82719,563,82438,2440696,29.51,29.57
MEX,0,0,0,0,1,225.1,1983,1985,1,1,47,1,0.00723,0.00721,82156,592,81860,2358258,28.7,28.77
MEX,0,0,0,0,1,225.1,1983,1985,1,1,48,1,0.00768,0.00765,81564,624,81252,2276398,27.91,27.98
MEX,0,0,0,0,1,225.1,1983,1985,1,1,49,1,0.00818,0.00814,80940,659,80610,2195146,27.12,27.19
MEX,0,0,0,0,1,225.1,1983,1985,1,1,50,1,0.00871,0.00867,80281,696,79933,2114536,26.34,26.41
MEX,0,0,0,0,1,225.1,1983,1985,1,1,51,1,0.00929,0.00925,79585,736,79217,2034603,25.57,25.64
MEX,0,0,0,0,1,225.1,1983,1985,1,1,52,1,0.00993,0.00988,78849,779,78460,1955386,24.8,24.87
MEX,0,0,0,0,1,225.1,1983,1985,1,1,53,1,0.01064,0.01058,78070,826,77657,1876926,24.04,24.11
MEX,0,0,0,0,1,225.1,1983,1985,1,1,54,1,0.01138,0.01131,77244,874,76807,1799269,23.29,23.37
MEX,0,0,0,0,1,225.1,1983,1985,1,1,55,1,0.0122,0.01213,76370,926,75907,1722462,22.55,22.63
MEX,0,0,0,0,1,225.1,1983,1985,1,1,56,1,0.0131,0.01302,75444,982,74953,1646555,21.82,21.9
MEX,0,0,0,0,1,225.1,1983,1985,1,1,57,1,0.01407,0.01397,74462,1040,73942,1571602,21.11,21.18
MEX,0,0,0,0,1,225.1,1983,1985,1,1,58,1,0.01511,0.015,73422,1101,72872,1497660,20.4,20.47
MEX,0,0,0,0,1,225.1,1983,1985,1,1,59,1,0.01624,0.01611,72321,1165,71738,1424789,19.7,19.78
MEX,0,0,0,0,1,225.1,1983,1985,1,1,60,1,0.01745,0.0173,71156,1231,70540,1353050,19.02,19.09
MEX,0,0,0,0,1,225.1,1983,1985,1,1,61,1,0.01877,0.01859,69925,1300,69275,1282510,18.34,18.42
MEX,0,0,0,0,1,225.1,1983,1985,1,1,62,1,0.02019,0.01999,68625,1372,67939,1213235,17.68,17.76
MEX,0,0,0,0,1,225.1,1983,1985,1,1,63,1,0.02173,0.0215,67253,1446,66530,1145296,17.03,17.11
MEX,0,0,0,0,1,225.1,1983,1985,1,1,64,1,0.02337,0.0231,65807,1520,65047,1078766,16.39,16.48
MEX,0,0,0,0,1,225.1,1983,1985,1,1,65,1,0.02515,0.02484,64287,1597,63488,1013719,15.77,15.86
MEX,0,0,0,0,1,225.1,1983,1985,1,1,66,1,0.02706,0.0267,62690,1674,61853,950230,15.16,15.25
MEX,0,0,0,0,1,225.1,1983,1985,1,1,67,1,0.02913,0.02871,61016,1752,60140,888377,14.56,14.65
MEX,0,0,0,0,1,225.1,1983,1985,1,1,68,1,0.03135,0.03086,59264,1829,58350,828237,13.98,14.07
MEX,0,0,0,0,1,225.1,1983,1985,1,1,69,1,0.03375,0.03319,57435,1906,56482,769888,13.4,13.5
MEX,0,0,0,0,1,225.1,1983,1985,1,1,70,1,0.0363,0.03566,55529,1980,54539,713406,12.85,12.95
MEX,0,0,0,0,1,225.1,1983,1985,1,1,71,1,0.03909,0.03834,53549,2053,52522,658867,12.3,12.41
MEX,0,0,0,0,1,225.1,1983,1985,1,1,72,1,0.04203,0.04117,51496,2120,50436,606344,11.77,11.88
MEX,0,0,0,0,1,225.1,1983,1985,1,1,73,1,0.04525,0.04425,49376,2185,48284,555908,11.26,11.37
MEX,0,0,0,0,1,225.1,1983,1985,1,1,74,1,0.04867,0.04751,47191,2242,46070,507625,10.76,10.87
MEX,0,0,0,0,1,225.1,1983,1985,1,1,75,1,0.05237,0.05104,44949,2294,43802,461555,10.27,10.39
MEX,0,0,0,0,1,225.1,1983,1985,1,1,76,1,0.05633,0.05479,42655,2337,41486,417753,9.79,9.92
MEX,0,0,0,0,1,225.1,1983,1985,1,1,77,1,0.06056,0.05878,40318,2370,39133,376266,9.33,9.47
MEX,0,0,0,0,1,225.1,1983,1985,1,1,78,1,0.06517,0.06311,37948,2395,36750,337133,8.88,9.03
MEX,0,0,0,0,1,225.1,1983,1985,1,1,79,1,0.07001,0.06765,35553,2405,34350,300383,8.45,8.61
MEX,0,0,0,0,1,225.1,1983,1985,1,1,80,1,0.07532,0.07258,33148,2406,31945,266032,8.03,8.19
MEX,0,0,0,0,1,225.1,1983,1985,1,1,81,1,0.08089,0.07774,30742,2390,29547,234087,7.61,7.8
MEX,0,0,0,0,1,225.1,1983,1985,1,1,82,1,0.08697,0.08335,28352,2363,27170,204540,7.21,7.41
MEX,0,0,0,0,1,225.1,1983,1985,1,1,83,1,0.0934,0.08923,25989,2319,24830,177370,6.82,7.04
MEX,0,0,0,0,1,225.1,1983,1985,1,1,84,1,0.10031,0.09552,23670,2261,22540,152540,6.44,6.68
MEX,0,0,0,0,1,225.1,1983,1985,1,1,85,1,0.10776,0.10225,21409,2189,20314,130001,6.07,6.33
MEX,0,0,0,0,1,225.1,1983,1985,1,1,86,1,0.11563,0.10931,19220,2101,18170,109686,5.71,6
MEX,0,0,0,0,1,225.1,1983,1985,1,1,87,1,0.12408,0.11683,17119,2000,16119,91517,5.35,5.67
MEX,0,0,0,0,1,225.1,1983,1985,1,1,88,1,0.13312,0.12481,15119,1887,14176,75398,4.99,5.36
MEX,0,0,0,0,1,225.1,1983,1985,1,1,89,1,0.14275,0.13324,13232,1763,12350,61222,4.63,5.05
MEX,0,0,0,0,1,225.1,1983,1985,1,1,90,1,0.15299,0.14212,11469,1630,10654,48872,4.26,4.75
MEX,0,0,0,0,1,225.1,1983,1985,1,1,91,1,0.16492,0.15235,9839,1499,9090,38218,3.88,4.45
MEX,0,0,0,0,1,225.1,1983,1985,1,1,92,1,0.17783,0.16331,8340,1362,7659,29128,3.49,4.16
MEX,0,0,0,0,1,225.1,1983,1985,1,1,93,1,0.19797,0.18014,6978,1257,6350,21469,3.08,3.88
MEX,0,0,0,0,1,225.1,1983,1985,1,1,94,1,0.2153,0.19437,5721,1112,5165,15120,2.64,3.62
MEX,0,0,0,0,1,225.1,1983,1985,1,1,95,99,0.46299,1,4609,4609,9955,9955,2.16,3.37
MEX,0,0,0,0,1,225.1,1983,1985,1,2,0,1,0.04499,0.04339,100000,4339,96443,7209992,72.1,72.21
MEX,0,0,0,0,1,225.1,1983,1985,1,2,1,1,0.0053,0.00529,95661,506,95408,7113549,74.36,74.48
MEX,0,0,0,0,1,225.1,1983,1985,1,2,2,1,0.00253,0.00252,95155,240,95035,7018141,73.75,73.87
MEX,0,0,0,0,1,225.1,1983,1985,1,2,3,1,0.00156,0.00156,94915,148,94841,6923106,72.94,73.02
MEX,0,0,0,0,1,225.1,1983,1985,1,2,4,1,0.00109,0.00109,94767,103,94716,6828265,72.05,72.13
MEX,0,0,0,0,1,225.1,1983,1985,1,2,5,1,0.00082,0.00082,94664,78,94625,6733550,71.13,71.21
MEX,0,0,0,0,1,225.1,1983,1985,1,2,6,1,0.00066,0.00066,94586,62,94555,6638925,70.19,70.26
MEX,0,0,0,0,1,225.1,1983,1985,1,2,7,1,0.00055,0.00055,94524,52,94498,6544370,69.24,69.31
MEX,0,0,0,0,1,225.1,1983,1985,1,2,8,1,0.00048,0.00048,94472,45,94450,6449872,68.27,68.35
MEX,0,0,0,0,1,225.1,1983,1985,1,2,9,1,0.00044,0.00044,94427,42,94406,6355422,67.31,67.38
MEX,0,0,0,0,1,225.1,1983,1985,1,2,10,1,0.00042,0.00042,94385,40,94365,6261016,66.33,66.41
MEX,0,0,0,0,1,225.1,1983,1985,1,2,11,1,4.00E-04,4.00E-04,94345,38,94326,6166651,65.36,65.44
MEX,0,0,0,0,1,225.1,1983,1985,1,2,12,1,0.00042,0.00042,94307,40,94287,6072325,64.39,64.47
MEX,0,0,0,0,1,225.1,1983,1985,1,2,13,1,0.00045,0.00045,94267,42,94246,5978038,63.42,63.49
MEX,0,0,0,0,1,225.1,1983,1985,1,2,14,1,0.00048,0.00048,94225,45,94202,5883792,62.44,62.52
MEX,0,0,0,0,1,225.1,1983,1985,1,2,15,1,0.00053,0.00053,94180,50,94155,5789590,61.47,61.55
MEX,0,0,0,0,1,225.1,1983,1985,1,2,16,1,0.00058,0.00058,94130,55,94102,5695435,60.51,60.58
MEX,0,0,0,0,1,225.1,1983,1985,1,2,17,1,0.00064,0.00064,94075,60,94045,5601332,59.54,59.62
MEX,0,0,0,0,1,225.1,1983,1985,1,2,18,1,7.00E-04,7.00E-04,94015,66,93982,5507287,58.58,58.66
MEX,0,0,0,0,1,225.1,1983,1985,1,2,19,1,0.00077,0.00077,93949,72,93913,5413305,57.62,57.7
MEX,0,0,0,0,1,225.1,1983,1985,1,2,20,1,0.00083,0.00083,93877,78,93838,5319392,56.66,56.74
MEX,0,0,0,0,1,225.1,1983,1985,1,2,21,1,0.00091,0.00091,93799,85,93756,5225554,55.71,55.79
MEX,0,0,0,0,1,225.1,1983,1985,1,2,22,1,0.00096,0.00096,93714,90,93669,5131798,54.76,54.84
MEX,0,0,0,0,1,225.1,1983,1985,1,2,23,1,0.00105,0.00105,93624,98,93575,5038129,53.81,53.89
MEX,0,0,0,0,1,225.1,1983,1985,1,2,24,1,0.00111,0.00111,93526,104,93474,4944554,52.87,52.94
MEX,0,0,0,0,1,225.1,1983,1985,1,2,25,1,0.00118,0.00118,93422,110,93367,4851080,51.93,52
MEX,0,0,0,0,1,225.1,1983,1985,1,2,26,1,0.00124,0.00124,93312,116,93254,4757713,50.99,51.06
MEX,0,0,0,0,1,225.1,1983,1985,1,2,27,1,0.00131,0.00131,93196,122,93135,4664459,50.05,50.13
MEX,0,0,0,0,1,225.1,1983,1985,1,2,28,1,0.00138,0.00138,93074,128,93010,4571324,49.11,49.19
MEX,0,0,0,0,1,225.1,1983,1985,1,2,29,1,0.00145,0.00145,92946,135,92878,4478314,48.18,48.26
MEX,0,0,0,0,1,225.1,1983,1985,1,2,30,1,0.00152,0.00152,92811,141,92740,4385435,47.25,47.33
MEX,0,0,0,0,1,225.1,1983,1985,1,2,31,1,0.00159,0.00159,92670,147,92596,4292695,46.32,46.4
MEX,0,0,0,0,1,225.1,1983,1985,1,2,32,1,0.00168,0.00168,92523,155,92446,4200098,45.4,45.47
MEX,0,0,0,0,1,225.1,1983,1985,1,2,33,1,0.00174,0.00174,92368,161,92288,4107653,44.47,44.55
MEX,0,0,0,0,1,225.1,1983,1985,1,2,34,1,0.00185,0.00184,92207,170,92122,4015365,43.55,43.63
MEX,0,0,0,0,1,225.1,1983,1985,1,2,35,1,0.00195,0.00194,92037,179,91948,3923243,42.63,42.7
MEX,0,0,0,0,1,225.1,1983,1985,1,2,36,1,0.00204,0.00204,91858,187,91764,3831296,41.71,41.79
MEX,0,0,0,0,1,225.1,1983,1985,1,2,37,1,0.00215,0.00215,91671,197,91572,3739531,40.79,40.87
MEX,0,0,0,0,1,225.1,1983,1985,1,2,38,1,0.00229,0.00228,91474,209,91370,3647959,39.88,39.96
MEX,0,0,0,0,1,225.1,1983,1985,1,2,39,1,0.00241,0.00241,91265,220,91155,3556589,38.97,39.05
MEX,0,0,0,0,1,225.1,1983,1985,1,2,40,1,0.00256,0.00256,91045,233,90928,3465434,38.06,38.14
MEX,0,0,0,0,1,225.1,1983,1985,1,2,41,1,0.00272,0.00272,90812,247,90688,3374506,37.16,37.24
MEX,0,0,0,0,1,225.1,1983,1985,1,2,42,1,0.0029,0.00289,90565,262,90434,3283817,36.26,36.34
MEX,0,0,0,0,1,225.1,1983,1985,1,2,43,1,0.00311,0.0031,90303,280,90163,3193383,35.36,35.44
MEX,0,0,0,0,1,225.1,1983,1985,1,2,44,1,0.00332,0.00331,90023,298,89874,3103220,34.47,34.55
MEX,0,0,0,0,1,225.1,1983,1985,1,2,45,1,0.00356,0.00356,89725,319,89566,3013346,33.58,33.66
MEX,0,0,0,0,1,225.1,1983,1985,1,2,46,1,0.00381,0.0038,89406,340,89236,2923781,32.7,32.78
MEX,0,0,0,0,1,225.1,1983,1985,1,2,47,1,0.00412,0.00411,89066,366,88883,2834545,31.83,31.91
MEX,0,0,0,0,1,225.1,1983,1985,1,2,48,1,0.00443,0.00442,88700,392,88504,2745662,30.95,31.04
MEX,0,0,0,0,1,225.1,1983,1985,1,2,49,1,0.00477,0.00476,88308,420,88098,2657158,30.09,30.17
MEX,0,0,0,0,1,225.1,1983,1985,1,2,50,1,0.00516,0.00514,87888,452,87662,2569060,29.23,29.31
MEX,0,0,0,0,1,225.1,1983,1985,1,2,51,1,0.00557,0.00556,87436,486,87193,2481398,28.38,28.46
MEX,0,0,0,0,1,225.1,1983,1985,1,2,52,1,0.00603,0.00601,86950,523,86688,2394205,27.54,27.62
MEX,0,0,0,0,1,225.1,1983,1985,1,2,53,1,0.00655,0.00653,86427,564,86145,2307516,26.7,26.78
MEX,0,0,0,0,1,225.1,1983,1985,1,2,54,1,0.00709,0.00707,85863,607,85560,2221371,25.87,25.95
MEX,0,0,0,0,1,225.1,1983,1985,1,2,55,1,0.00769,0.00766,85256,653,84930,2135812,25.05,25.14
MEX,0,0,0,0,1,225.1,1983,1985,1,2,56,1,0.00836,0.00832,84603,704,84251,2050882,24.24,24.33
MEX,0,0,0,0,1,225.1,1983,1985,1,2,57,1,0.00906,0.00902,83899,757,83520,1966631,23.44,23.53
MEX,0,0,0,0,1,225.1,1983,1985,1,2,58,1,0.00986,0.00981,83142,816,82734,1883111,22.65,22.74
MEX,0,0,0,0,1,225.1,1983,1985,1,2,59,1,0.01072,0.01066,82326,878,81887,1800377,21.87,21.96
MEX,0,0,0,0,1,225.1,1983,1985,1,2,60,1,0.01167,0.0116,81448,945,80976,1718490,21.1,21.19
MEX,0,0,0,0,1,225.1,1983,1985,1,2,61,1,0.01269,0.01261,80503,1015,79996,1637514,20.34,20.43
MEX,0,0,0,0,1,225.1,1983,1985,1,2,62,1,0.01382,0.01373,79488,1091,78942,1557519,19.59,19.68
MEX,0,0,0,0,1,225.1,1983,1985,1,2,63,1,0.01502,0.01491,78397,1169,77812,1478576,18.86,18.95
MEX,0,0,0,0,1,225.1,1983,1985,1,2,64,1,0.01638,0.01625,77228,1255,76600,1400764,18.14,18.23
MEX,0,0,0,0,1,225.1,1983,1985,1,2,65,1,0.01782,0.01766,75973,1342,75302,1324163,17.43,17.52
MEX,0,0,0,0,1,225.1,1983,1985,1,2,66,1,0.01941,0.01923,74631,1435,73914,1248861,16.73,16.83
MEX,0,0,0,0,1,225.1,1983,1985,1,2,67,1,0.02115,0.02093,73196,1532,72430,1174948,16.05,16.15
MEX,0,0,0,0,1,225.1,1983,1985,1,2,68,1,0.02302,0.02276,71664,1631,70848,1102518,15.38,15.48
MEX,0,0,0,0,1,225.1,1983,1985,1,2,69,1,0.02508,0.02477,70033,1735,69166,1031669,14.73,14.83
MEX,0,0,0,0,1,225.1,1983,1985,1,2,70,1,0.02732,0.02696,68298,1841,67378,962504,14.09,14.2
MEX,0,0,0,0,1,225.1,1983,1985,1,2,71,1,0.02975,0.02931,66457,1948,65483,895126,13.47,13.58
MEX,0,0,0,0,1,225.1,1983,1985,1,2,72,1,0.03242,0.0319,64509,2058,63480,829643,12.86,12.97
MEX,0,0,0,0,1,225.1,1983,1985,1,2,73,1,0.0353,0.03468,62451,2166,61368,766163,12.27,12.38
MEX,0,0,0,0,1,225.1,1983,1985,1,2,74,1,0.03845,0.03772,60285,2274,59148,704795,11.69,11.81
MEX,0,0,0,0,1,225.1,1983,1985,1,2,75,1,0.04187,0.04101,58011,2379,56822,645647,11.13,11.25
MEX,0,0,0,0,1,225.1,1983,1985,1,2,76,1,0.04559,0.04458,55632,2480,54392,588826,10.58,10.71
MEX,0,0,0,0,1,225.1,1983,1985,1,2,77,1,0.04963,0.04843,53152,2574,51865,534434,10.05,10.19
MEX,0,0,0,0,1,225.1,1983,1985,1,2,78,1,0.05401,0.05259,50578,2660,49248,482569,9.54,9.68
MEX,0,0,0,0,1,225.1,1983,1985,1,2,79,1,0.0588,0.05712,47918,2737,46550,433321,9.04,9.19
MEX,0,0,0,0,1,225.1,1983,1985,1,2,80,1,0.06398,0.062,45181,2801,43780,386771,8.56,8.72
MEX,0,0,0,0,1,225.1,1983,1985,1,2,81,1,0.06959,0.06725,42380,2850,40955,342991,8.09,8.26
MEX,0,0,0,0,1,225.1,1983,1985,1,2,82,1,0.07569,0.07293,39530,2883,38088,302036,7.64,7.82
MEX,0,0,0,0,1,225.1,1983,1985,1,2,83,1,0.0823,0.07905,36647,2897,35198,263947,7.2,7.4
MEX,0,0,0,0,1,225.1,1983,1985,1,2,84,1,0.08946,0.08563,33750,2890,32305,228749,6.78,6.99
MEX,0,0,0,0,1,225.1,1983,1985,1,2,85,1,0.09722,0.09271,30860,2861,29430,196444,6.37,6.6
MEX,0,0,0,0,1,225.1,1983,1985,1,2,86,1,0.10558,0.10029,27999,2808,26595,167014,5.97,6.22
MEX,0,0,0,0,1,225.1,1983,1985,1,2,87,1,0.11471,0.10849,25191,2733,23824,140419,5.57,5.86
MEX,0,0,0,0,1,225.1,1983,1985,1,2,88,1,0.12449,0.1172,22458,2632,21142,116595,5.19,5.51
MEX,0,0,0,0,1,225.1,1983,1985,1,2,89,1,0.13504,0.1265,19826,2508,18572,95453,4.81,5.18
MEX,0,0,0,0,1,225.1,1983,1985,1,2,90,1,0.1465,0.13651,17318,2364,16136,76881,4.44,4.85
MEX,0,0,0,0,1,225.1,1983,1985,1,2,91,1,0.15872,0.14705,14954,2199,13854,60745,4.06,4.54
MEX,0,0,0,0,1,225.1,1983,1985,1,2,92,1,0.17199,0.15837,12755,2020,11745,46890,3.68,4.24
MEX,0,0,0,0,1,225.1,1983,1985,1,2,93,1,0.19238,0.1755,10735,1884,9793,35145,3.27,3.94
MEX,0,0,0,0,1,225.1,1983,1985,1,2,94,1,0.21013,0.19015,8851,1683,8010,25352,2.86,3.67
MEX,0,0,0,0,1,225.1,1983,1985,1,2,95,99,0.41332,1,7168,7168,17343,17343,2.42,3.42
MEX,0,0,0,0,1,225.1,1983,1985,2,1,0,1,0.0553,0.05298,100000,5298,95809,6602375,66.02,66.12
MEX,0,0,0,0,1,225.1,1983,1985,2,1,1,4,0.00257,0.01021,94702,967,376290,6506566,68.71,68.8
MEX,0,0,0,0,1,225.1,1983,1985,2,1,5,5,0.00078,0.00387,93735,363,467700,6130276,65.4,65.46
MEX,0,0,0,0,1,225.1,1983,1985,2,1,10,5,0.00075,0.00376,93372,351,466040,5662576,60.65,60.7
MEX,0,0,0,0,1,225.1,1983,1985,2,1,15,5,0.00146,0.00728,93021,677,463610,5196536,55.86,55.92
MEX,0,0,0,0,1,225.1,1983,1985,2,1,20,5,0.00265,0.01317,92344,1216,458888,4732925,51.25,51.31
MEX,0,0,0,0,1,225.1,1983,1985,2,1,25,5,0.0036,0.01785,91128,1627,451690,4274037,46.9,46.96
MEX,0,0,0,0,1,225.1,1983,1985,2,1,30,5,0.00416,0.02059,89501,1843,442964,3822347,42.71,42.77
MEX,0,0,0,0,1,225.1,1983,1985,2,1,35,5,0.00469,0.02317,87658,2031,433310,3379382,38.55,38.62
MEX,0,0,0,0,1,225.1,1983,1985,2,1,40,5,0.00561,0.02769,85627,2371,422390,2946073,34.41,34.47
MEX,0,0,0,0,1,225.1,1983,1985,2,1,45,5,0.00727,0.03573,83256,2975,409148,2523683,30.31,30.38
MEX,0,0,0,0,1,225.1,1983,1985,2,1,50,5,0.00998,0.04872,80281,3911,392074,2114536,26.34,26.41
MEX,0,0,0,0,1,225.1,1983,1985,2,1,55,5,0.01411,0.06827,76370,5214,369412,1722462,22.55,22.63
MEX,0,0,0,0,1,225.1,1983,1985,2,1,60,5,0.02024,0.09653,71156,6869,339332,1353050,19.02,19.09
MEX,0,0,0,0,1,225.1,1983,1985,2,1,65,5,0.02916,0.13623,64287,8758,300313,1013719,15.77,15.86
MEX,0,0,0,0,1,225.1,1983,1985,2,1,70,5,0.04201,0.19053,55529,10580,251851,713406,12.85,12.95
MEX,0,0,0,0,1,225.1,1983,1985,2,1,75,5,0.06036,0.26254,44949,11801,195522,461555,10.27,10.39
MEX,0,0,0,0,1,225.1,1983,1985,2,1,80,5,0.0863,0.35414,33148,11739,136032,266032,8.03,8.19
MEX,0,0,0,0,1,225.1,1983,1985,2,1,85,5,0.12252,0.46429,21409,9940,81129,130001,6.07,6.33
MEX,0,0,0,0,1,225.1,1983,1985,2,1,90,5,0.17627,0.59813,11469,6860,38917,48872,4.26,4.75
MEX,0,0,0,0,1,225.1,1983,1985,2,1,95,99,0.46299,1,4609,4609,9955,9955,2.16,3.37
MEX,0,0,0,0,1,225.1,1983,1985,2,2,0,1,0.04499,0.04339,100000,4339,96443,7209992,72.1,72.21
MEX,0,0,0,0,1,225.1,1983,1985,2,2,1,4,0.00262,0.01042,95661,997,380000,7113549,74.36,74.48
MEX,0,0,0,0,1,225.1,1983,1985,2,2,5,5,0.00059,0.00295,94664,279,472534,6733550,71.13,71.21
MEX,0,0,0,0,1,225.1,1983,1985,2,2,10,5,0.00043,0.00217,94385,205,471426,6261016,66.33,66.41
MEX,0,0,0,0,1,225.1,1983,1985,2,2,15,5,0.00064,0.00322,94180,303,470198,5789590,61.47,61.55
MEX,0,0,0,0,1,225.1,1983,1985,2,2,20,5,0.00097,0.00485,93877,455,468312,5319392,56.66,56.74
MEX,0,0,0,0,1,225.1,1983,1985,2,2,25,5,0.00131,0.00654,93422,611,465644,4851080,51.93,52
MEX,0,0,0,0,1,225.1,1983,1985,2,2,30,5,0.00167,0.00834,92811,774,462192,4385435,47.25,47.33
MEX,0,0,0,0,1,225.1,1983,1985,2,2,35,5,0.00217,0.01078,92037,992,457809,3923243,42.63,42.7
MEX,0,0,0,0,1,225.1,1983,1985,2,2,40,5,0.00292,0.0145,91045,1320,452088,3465434,38.06,38.14
MEX,0,0,0,0,1,225.1,1983,1985,2,2,45,5,0.00413,0.02047,89725,1837,444286,3013346,33.58,33.66
MEX,0,0,0,0,1,225.1,1983,1985,2,2,50,5,0.00608,0.02995,87888,2632,433248,2569060,29.23,29.31
MEX,0,0,0,0,1,225.1,1983,1985,2,2,55,5,0.00912,0.04467,85256,3808,417322,2135812,25.05,25.14
MEX,0,0,0,0,1,225.1,1983,1985,2,2,60,5,0.01388,0.06722,81448,5475,394326,1718490,21.1,21.19
MEX,0,0,0,0,1,225.1,1983,1985,2,2,65,5,0.02122,0.10102,75973,7675,361660,1324163,17.43,17.52
MEX,0,0,0,0,1,225.1,1983,1985,2,2,70,5,0.03247,0.15062,68298,10287,316856,962504,14.09,14.2
MEX,0,0,0,0,1,225.1,1983,1985,2,2,75,5,0.04956,0.22116,58011,12830,258876,645647,11.13,11.25
MEX,0,0,0,0,1,225.1,1983,1985,2,2,80,5,0.07524,0.31697,45181,14321,190328,386771,8.56,8.72
MEX,0,0,0,0,1,225.1,1983,1985,2,2,85,5,0.11326,0.43882,30860,13542,119563,196444,6.37,6.6
MEX,0,0,0,0,1,225.1,1983,1985,2,2,90,5,0.17048,0.5861,17318,10150,59538,76881,4.44,4.85
MEX,0,0,0,0,1,225.1,1983,1985,2,2,95,99,0.41332,1,7168,7168,17343,17343,2.42,3.42